{
  "name": "Levi Moore",
  "legal_name": "Levi Anthony Moore",
  "dre": "DRE #02155615",
  "brokerage": "EXP Realty of California Inc.",
  "broker_dre": "DRE #01878277",
  "team": "The Hurst Group",
  "phone": "(707) 672-6294",
  "email": "Levi@thehurstgrp.com",
  "office": "554 N. Fortuna BLVD. Fortuna, CA 95540",
  "zillow": "https://www.zillow.com/profile/Levi%20Moore",
  "locations": [
    "Fortuna, CA",
    "Eureka, CA",
    "Rio Dell, CA",
    "Scotia, CA",
    "McKinleyville, CA",
    "Ferndale, CA",
    "Arcata, CA",
    "Hydesville, CA",
    "Trinidad, CA"
  ]
}